--------------------------------------------------------
--  File created - Thursday-July-04-2019   
--------------------------------------------------------
--------------------------------------------------------
--  DDL for Sequence BILL_ITEMS_SEQ
--------------------------------------------------------

   CREATE SEQUENCE  "BILLMANAGER"."BILL_ITEMS_SEQ"  MINVALUE 1 MAXVALUE 9999999999999999999999999999 INCREMENT BY 1 START WITH 61 CACHE 20 NOORDER  NOCYCLE ;
--------------------------------------------------------
--  DDL for Sequence BILL_SEQ
--------------------------------------------------------

   CREATE SEQUENCE  "BILLMANAGER"."BILL_SEQ"  MINVALUE 1 MAXVALUE 9999999999999999999999999999 INCREMENT BY 1 START WITH 101 CACHE 20 NOORDER  NOCYCLE ;
--------------------------------------------------------
--  DDL for Sequence ITEM_SEQ
--------------------------------------------------------

   CREATE SEQUENCE  "BILLMANAGER"."ITEM_SEQ"  MINVALUE 1 MAXVALUE 9999999999999999999999999999 INCREMENT BY 1 START WITH 61 CACHE 20 NOORDER  NOCYCLE ;
--------------------------------------------------------
--  DDL for Sequence USER_TABLE_SEQ
--------------------------------------------------------

   CREATE SEQUENCE  "BILLMANAGER"."USER_TABLE_SEQ"  MINVALUE 1 MAXVALUE 9999999999999999999999999999 INCREMENT BY 1 START WITH 21 CACHE 20 NOORDER  NOCYCLE ;
--------------------------------------------------------
--  DDL for Table BILL
--------------------------------------------------------

  CREATE TABLE "BILLMANAGER"."BILL" 
   (	"ID" NUMBER, 
	"CUSTOMER_NAME" VARCHAR2(20 BYTE), 
	"CUSTOMER_PHONE" VARCHAR2(20 BYTE), 
	"B_DATE" VARCHAR2(20 BYTE)
   ) SEGMENT CREATION IMMEDIATE 
  PCTFREE 10 PCTUSED 40 INITRANS 1 MAXTRANS 255 NOCOMPRESS LOGGING
  STORAGE(INITIAL 65536 NEXT 1048576 MINEXTENTS 1 MAXEXTENTS 2147483645
  PCTINCREASE 0 FREELISTS 1 FREELIST GROUPS 1 BUFFER_POOL DEFAULT FLASH_CACHE DEFAULT CELL_FLASH_CACHE DEFAULT)
  TABLESPACE "SYSTEM" ;
--------------------------------------------------------
--  DDL for Table BILL_ITEMS
--------------------------------------------------------

  CREATE TABLE "BILLMANAGER"."BILL_ITEMS" 
   (	"ITEM_ID" NUMBER, 
	"ITEM_NAME" VARCHAR2(200 CHAR), 
	"BILL_ID" NUMBER, 
	"SOLED_NUMBER" NUMBER
   ) SEGMENT CREATION IMMEDIATE 
  PCTFREE 10 PCTUSED 40 INITRANS 1 MAXTRANS 255 NOCOMPRESS LOGGING
  STORAGE(INITIAL 65536 NEXT 1048576 MINEXTENTS 1 MAXEXTENTS 2147483645
  PCTINCREASE 0 FREELISTS 1 FREELIST GROUPS 1 BUFFER_POOL DEFAULT FLASH_CACHE DEFAULT CELL_FLASH_CACHE DEFAULT)
  TABLESPACE "SYSTEM" ;
--------------------------------------------------------
--  DDL for Table ITEM
--------------------------------------------------------

  CREATE TABLE "BILLMANAGER"."ITEM" 
   (	"ID" NUMBER, 
	"PRICE" FLOAT(126), 
	"CURRENT_NUMBER" NUMBER, 
	"ITEM_NAME" VARCHAR2(120 BYTE)
   ) SEGMENT CREATION IMMEDIATE 
  PCTFREE 10 PCTUSED 40 INITRANS 1 MAXTRANS 255 NOCOMPRESS LOGGING
  STORAGE(INITIAL 65536 NEXT 1048576 MINEXTENTS 1 MAXEXTENTS 2147483645
  PCTINCREASE 0 FREELISTS 1 FREELIST GROUPS 1 BUFFER_POOL DEFAULT FLASH_CACHE DEFAULT CELL_FLASH_CACHE DEFAULT)
  TABLESPACE "SYSTEM" ;
--------------------------------------------------------
--  DDL for Table USER_TABLE
--------------------------------------------------------

  CREATE TABLE "BILLMANAGER"."USER_TABLE" 
   (	"ID" NUMBER, 
	"USERNAME" VARCHAR2(100 BYTE), 
	"PASSWORD" VARCHAR2(100 BYTE)
   ) SEGMENT CREATION IMMEDIATE 
  PCTFREE 10 PCTUSED 40 INITRANS 1 MAXTRANS 255 NOCOMPRESS LOGGING
  STORAGE(INITIAL 65536 NEXT 1048576 MINEXTENTS 1 MAXEXTENTS 2147483645
  PCTINCREASE 0 FREELISTS 1 FREELIST GROUPS 1 BUFFER_POOL DEFAULT FLASH_CACHE DEFAULT CELL_FLASH_CACHE DEFAULT)
  TABLESPACE "SYSTEM" ;
REM INSERTING into BILLMANAGER.BILL
SET DEFINE OFF;
Insert into BILLMANAGER.BILL (ID,CUSTOMER_NAME,CUSTOMER_PHONE,B_DATE) values (39,'hassan omar','213333333333','27-APR-19');
Insert into BILLMANAGER.BILL (ID,CUSTOMER_NAME,CUSTOMER_PHONE,B_DATE) values (37,'hassan omar hassan ','011010100','27-APR-19');
Insert into BILLMANAGER.BILL (ID,CUSTOMER_NAME,CUSTOMER_PHONE,B_DATE) values (21,'wqeewq','32324','26-APR-19');
Insert into BILLMANAGER.BILL (ID,CUSTOMER_NAME,CUSTOMER_PHONE,B_DATE) values (22,'sasadcfdsf','1323443423','26-APR-19');
Insert into BILLMANAGER.BILL (ID,CUSTOMER_NAME,CUSTOMER_PHONE,B_DATE) values (23,'JKSAJAK HMUWUI ','0119034355','26-APR-19');
Insert into BILLMANAGER.BILL (ID,CUSTOMER_NAME,CUSTOMER_PHONE,B_DATE) values (24,'eqw3r4','5445235','26-APR-19');
Insert into BILLMANAGER.BILL (ID,CUSTOMER_NAME,CUSTOMER_PHONE,B_DATE) values (25,'eqw3r4','5445235','26-APR-19');
Insert into BILLMANAGER.BILL (ID,CUSTOMER_NAME,CUSTOMER_PHONE,B_DATE) values (38,'dfddddddddddddddd','888888888888888888','27-APR-19');
Insert into BILLMANAGER.BILL (ID,CUSTOMER_NAME,CUSTOMER_PHONE,B_DATE) values (27,'sfhhhyj ujigyh','01234568','26-APR-19');
Insert into BILLMANAGER.BILL (ID,CUSTOMER_NAME,CUSTOMER_PHONE,B_DATE) values (28,'uifgudasgd edsasd','0120938904','26-APR-19');
Insert into BILLMANAGER.BILL (ID,CUSTOMER_NAME,CUSTOMER_PHONE,B_DATE) values (29,'hassan omar','01010948718','26-APR-19');
Insert into BILLMANAGER.BILL (ID,CUSTOMER_NAME,CUSTOMER_PHONE,B_DATE) values (33,'34twerd','32413241323','27-APR-19');
Insert into BILLMANAGER.BILL (ID,CUSTOMER_NAME,CUSTOMER_PHONE,B_DATE) values (34,'SFHFADYYH','325562436547','27-APR-19');
Insert into BILLMANAGER.BILL (ID,CUSTOMER_NAME,CUSTOMER_PHONE,B_DATE) values (35,'wredrwref efrc','091923303424','27-APR-19');
Insert into BILLMANAGER.BILL (ID,CUSTOMER_NAME,CUSTOMER_PHONE,B_DATE) values (36,'wredrwref efrc','091923303424','27-APR-19');
Insert into BILLMANAGER.BILL (ID,CUSTOMER_NAME,CUSTOMER_PHONE,B_DATE) values (40,'Hassan Omar Hassan','012345678998','27-APR-19');
Insert into BILLMANAGER.BILL (ID,CUSTOMER_NAME,CUSTOMER_PHONE,B_DATE) values (41,'SASA','4444','27-APR-19');
Insert into BILLMANAGER.BILL (ID,CUSTOMER_NAME,CUSTOMER_PHONE,B_DATE) values (42,'SASA','111','27-APR-19');
Insert into BILLMANAGER.BILL (ID,CUSTOMER_NAME,CUSTOMER_PHONE,B_DATE) values (43,'QAZ','123','27-APR-19');
Insert into BILLMANAGER.BILL (ID,CUSTOMER_NAME,CUSTOMER_PHONE,B_DATE) values (44,'WSX','TRWE','27-APR-19');
Insert into BILLMANAGER.BILL (ID,CUSTOMER_NAME,CUSTOMER_PHONE,B_DATE) values (45,'12','12','27-APR-19');
Insert into BILLMANAGER.BILL (ID,CUSTOMER_NAME,CUSTOMER_PHONE,B_DATE) values (46,'HASSAN OMAR','123456789','27-APR-19');
Insert into BILLMANAGER.BILL (ID,CUSTOMER_NAME,CUSTOMER_PHONE,B_DATE) values (47,'hsa','kb','27-APR-19');
Insert into BILLMANAGER.BILL (ID,CUSTOMER_NAME,CUSTOMER_PHONE,B_DATE) values (48,'hassan ','987','28-APR-19');
Insert into BILLMANAGER.BILL (ID,CUSTOMER_NAME,CUSTOMER_PHONE,B_DATE) values (49,'jh','8','28-APR-19');
Insert into BILLMANAGER.BILL (ID,CUSTOMER_NAME,CUSTOMER_PHONE,B_DATE) values (50,'HASSAN OMAR HASSAN ','011212212321432 ','28-APR-19');
Insert into BILLMANAGER.BILL (ID,CUSTOMER_NAME,CUSTOMER_PHONE,B_DATE) values (51,'eyheh','5365','28-APR-19');
Insert into BILLMANAGER.BILL (ID,CUSTOMER_NAME,CUSTOMER_PHONE,B_DATE) values (61,'8','9','08-MAY-19');
Insert into BILLMANAGER.BILL (ID,CUSTOMER_NAME,CUSTOMER_PHONE,B_DATE) values (81,'Hassan Omar Hassan ','101093214252','06-JUN-19');
REM INSERTING into BILLMANAGER.BILL_ITEMS
SET DEFINE OFF;
Insert into BILLMANAGER.BILL_ITEMS (ITEM_ID,ITEM_NAME,BILL_ID,SOLED_NUMBER) values (1,'G',4,6);
Insert into BILLMANAGER.BILL_ITEMS (ITEM_ID,ITEM_NAME,BILL_ID,SOLED_NUMBER) values (2,'HSA',45,1);
Insert into BILLMANAGER.BILL_ITEMS (ITEM_ID,ITEM_NAME,BILL_ID,SOLED_NUMBER) values (3,'RTW',46,1);
Insert into BILLMANAGER.BILL_ITEMS (ITEM_ID,ITEM_NAME,BILL_ID,SOLED_NUMBER) values (4,'QWERTY',47,1);
Insert into BILLMANAGER.BILL_ITEMS (ITEM_ID,ITEM_NAME,BILL_ID,SOLED_NUMBER) values (5,'QWERTY',48,10);
Insert into BILLMANAGER.BILL_ITEMS (ITEM_ID,ITEM_NAME,BILL_ID,SOLED_NUMBER) values (6,'QWERTY',48,10);
Insert into BILLMANAGER.BILL_ITEMS (ITEM_ID,ITEM_NAME,BILL_ID,SOLED_NUMBER) values (7,'QWERTY',48,10);
Insert into BILLMANAGER.BILL_ITEMS (ITEM_ID,ITEM_NAME,BILL_ID,SOLED_NUMBER) values (8,'QWERTY',48,10);
Insert into BILLMANAGER.BILL_ITEMS (ITEM_ID,ITEM_NAME,BILL_ID,SOLED_NUMBER) values (9,'RTW',49,16);
Insert into BILLMANAGER.BILL_ITEMS (ITEM_ID,ITEM_NAME,BILL_ID,SOLED_NUMBER) values (10,'y gb',49,1);
Insert into BILLMANAGER.BILL_ITEMS (ITEM_ID,ITEM_NAME,BILL_ID,SOLED_NUMBER) values (11,'HSA',49,10);
Insert into BILLMANAGER.BILL_ITEMS (ITEM_ID,ITEM_NAME,BILL_ID,SOLED_NUMBER) values (12,'DS',49,1);
Insert into BILLMANAGER.BILL_ITEMS (ITEM_ID,ITEM_NAME,BILL_ID,SOLED_NUMBER) values (13,'CHARAGER',50,1);
Insert into BILLMANAGER.BILL_ITEMS (ITEM_ID,ITEM_NAME,BILL_ID,SOLED_NUMBER) values (14,'DS',50,10);
Insert into BILLMANAGER.BILL_ITEMS (ITEM_ID,ITEM_NAME,BILL_ID,SOLED_NUMBER) values (15,'RTW',50,1);
Insert into BILLMANAGER.BILL_ITEMS (ITEM_ID,ITEM_NAME,BILL_ID,SOLED_NUMBER) values (16,'HSA',50,3);
Insert into BILLMANAGER.BILL_ITEMS (ITEM_ID,ITEM_NAME,BILL_ID,SOLED_NUMBER) values (17,'CHARAGER',50,1);
Insert into BILLMANAGER.BILL_ITEMS (ITEM_ID,ITEM_NAME,BILL_ID,SOLED_NUMBER) values (18,'HSA',51,1);
Insert into BILLMANAGER.BILL_ITEMS (ITEM_ID,ITEM_NAME,BILL_ID,SOLED_NUMBER) values (19,'HSA',51,1);
Insert into BILLMANAGER.BILL_ITEMS (ITEM_ID,ITEM_NAME,BILL_ID,SOLED_NUMBER) values (21,'QWERTY',61,17);
Insert into BILLMANAGER.BILL_ITEMS (ITEM_ID,ITEM_NAME,BILL_ID,SOLED_NUMBER) values (22,'QWERTY',61,19);
Insert into BILLMANAGER.BILL_ITEMS (ITEM_ID,ITEM_NAME,BILL_ID,SOLED_NUMBER) values (41,'phone battrey ',81,17);
Insert into BILLMANAGER.BILL_ITEMS (ITEM_ID,ITEM_NAME,BILL_ID,SOLED_NUMBER) values (42,'phone battrey ',81,10);
Insert into BILLMANAGER.BILL_ITEMS (ITEM_ID,ITEM_NAME,BILL_ID,SOLED_NUMBER) values (43,'Iphon Screen cover',81,13);
REM INSERTING into BILLMANAGER.ITEM
SET DEFINE OFF;
Insert into BILLMANAGER.ITEM (ID,PRICE,CURRENT_NUMBER,ITEM_NAME) values (37,90.0007,7,'CHARAGER');
Insert into BILLMANAGER.ITEM (ID,PRICE,CURRENT_NUMBER,ITEM_NAME) values (41,99.9,50,'phone battrey ');
Insert into BILLMANAGER.ITEM (ID,PRICE,CURRENT_NUMBER,ITEM_NAME) values (42,100,-7,'Iphon Screen cover');
Insert into BILLMANAGER.ITEM (ID,PRICE,CURRENT_NUMBER,ITEM_NAME) values (43,4000,10,'color printer ');
Insert into BILLMANAGER.ITEM (ID,PRICE,CURRENT_NUMBER,ITEM_NAME) values (36,80,8,'CHARAGER');
REM INSERTING into BILLMANAGER.USER_TABLE
SET DEFINE OFF;
Insert into BILLMANAGER.USER_TABLE (ID,USERNAME,PASSWORD) values (1,'qaz','qaz');
--------------------------------------------------------
--  DDL for Trigger BILL_ITEMS_TRG
--------------------------------------------------------

  CREATE OR REPLACE TRIGGER "BILLMANAGER"."BILL_ITEMS_TRG" 
BEFORE INSERT ON BILL_ITEMS 
FOR EACH ROW 
BEGIN
  <<COLUMN_SEQUENCES>>
  BEGIN
    IF INSERTING AND :NEW.ITEM_ID IS NULL THEN
      SELECT BILL_ITEMS_SEQ.NEXTVAL INTO :NEW.ITEM_ID FROM SYS.DUAL;
    END IF;
  END COLUMN_SEQUENCES;
END;
/
ALTER TRIGGER "BILLMANAGER"."BILL_ITEMS_TRG" ENABLE;
--------------------------------------------------------
--  DDL for Trigger BILL_TRG
--------------------------------------------------------

  CREATE OR REPLACE TRIGGER "BILLMANAGER"."BILL_TRG" 
BEFORE INSERT ON BILL 
FOR EACH ROW 
BEGIN
  <<COLUMN_SEQUENCES>>
  BEGIN
    IF INSERTING AND :NEW.ID IS NULL THEN
      SELECT BILL_SEQ.NEXTVAL INTO :NEW.ID FROM SYS.DUAL;
    END IF;
  END COLUMN_SEQUENCES;
END;
/
ALTER TRIGGER "BILLMANAGER"."BILL_TRG" ENABLE;
--------------------------------------------------------
--  DDL for Trigger ITEM_TRG
--------------------------------------------------------

  CREATE OR REPLACE TRIGGER "BILLMANAGER"."ITEM_TRG" 
BEFORE INSERT ON ITEM 
FOR EACH ROW 
BEGIN
  <<COLUMN_SEQUENCES>>
  BEGIN
    IF INSERTING AND :NEW.ID IS NULL THEN
      SELECT ITEM_SEQ.NEXTVAL INTO :NEW.ID FROM SYS.DUAL;
    END IF;
  END COLUMN_SEQUENCES;
END;
/
ALTER TRIGGER "BILLMANAGER"."ITEM_TRG" ENABLE;
--------------------------------------------------------
--  DDL for Trigger USER_TABLE_TRG
--------------------------------------------------------

  CREATE OR REPLACE TRIGGER "BILLMANAGER"."USER_TABLE_TRG" 
BEFORE INSERT ON USER_TABLE 
FOR EACH ROW 
BEGIN
  <<COLUMN_SEQUENCES>>
  BEGIN
    IF INSERTING AND :NEW.ID IS NULL THEN
      SELECT USER_TABLE_SEQ.NEXTVAL INTO :NEW.ID FROM SYS.DUAL;
    END IF;
  END COLUMN_SEQUENCES;
END;
/
ALTER TRIGGER "BILLMANAGER"."USER_TABLE_TRG" ENABLE;
